user_id,name,email,signup_date,birth_date,phone,address,sex
1,Arnaud Dupont,arnaud@example.com,2023-06-01,1968-05-26,+33(+33)519051843,"34, boulevard Michel Clément, 23239 Martin-sur-Bazin",M
2,Alice Martin,alice.martin@example.com,2022-11-12,1993-01-23,+33237765429,"27, chemin Pages, 11633 Mendès",F
3,Bob Dupont,bob.dupont@example.com,2023-01-20,1999-11-03,+33(+33)237952513,"4, avenue Moulin, 71916 Legrosnec",M
4,Chloe Bernard,chloe.bernard@example.com,2024-03-15,1987-01-27,+33(+33)230316277,"3, boulevard de Meyer, 62537 Bonneau",F
5,Luc Moreau,luc.moreau@example.com,2023-02-10,1988-10-07,+33363305341,"21, avenue Tanguy, 27433 Guyot-les-Bains",M
6,Emma Leroy,emma.leroy@example.com,2023-07-05,1997-02-11,+33478+3341027,"69, chemin Margaux Andre, 56815 Lombard",F
7,Noah Petit,noah.petit@example.com,2023-09-12,1955-01-30,+33631317383,"79, chemin Anastasie Chauvet, 95676 WeberBourg",M
8,Sophie Blanc,sophie.blanc@example.com,2024-01-01,1967-12-10,+33(+33)449155897,"275, avenue Lucas Guillot, 97685 Gay-sur-Petit",F
9,Léo Fontaine,leo.fontaine@example.com,2022-08-23,2004-12-11,+33(+33)277100033,"48, avenue Henri Richard, 34303 Lecoq",M
10,Laura Garnier,laura.garnier@example.com,2023-04-18,1954-08-25,+33180253105,"95, rue Georges Poirier, 20100 Greniernec",F
11,Julien Mercier,julien.mercier@example.com,2023-03-03,1983-07-21,+33339647802,"7, boulevard Pages, 47284 Grenier",M
12,Manon Roux,manon.roux@example.com,2024-02-05,2005-10-30,+33636543621,"9, rue Jacques Munoz, 81670 FoucherBourg",F
13,Antoine Charles,antoine.charles@example.com,2023-10-22,1986-11-30,+33485261948,"592, rue de Duval, 68109 Saint Jérômeboeuf",M
14,Lina Bourdon,lina.bourdon@example.com,2022-09-17,1995-07-01,+33739554041,"78, boulevard de Voisin, 97465 Jacob-sur-Mer",F
15,Matthieu Lefevre,matthieu.lefevre@example.com,2023-11-11,1985-08-30,+33(+33)169026478,"609, chemin de Charles, 52390 Neveu",M
16,Camille Perrot,camille.perrot@example.com,2023-05-09,1963-05-31,+33373193451,"22, avenue Breton, 09946 Olivier",F
17,Victor Girard,victor.girard@example.com,2023-12-20,1959-03-12,+33(+33)143842853,"24, boulevard Virginie Raymond, 82350 Sainte Marguerite-les-Bains",M
18,Clara Rolland,clara.rolland@example.com,2022-07-15,1965-11-03,+33432680314,"52, avenue Poulain, 23148 Robert",F
19,Nicolas Vidal,nicolas.vidal@example.com,2024-01-27,1991-08-13,+33327255973,"711, boulevard Paris, 13494 EvrardBourg",M
20,Anaïs Renaud,anais.renaud@example.com,2022-10-03,1961-03-20,+33373897547,"56, chemin de Hoarau, 87427 Boutin",F
21,Romain Faure,romain.faure@example.com,2023-08-14,1964-03-16,+33698203660,"97, boulevard de Baudry, 69174 Sainte MargaretVille",M
22,Isabelle Gauthier,isabelle.gauthier@example.com,2023-06-30,1955-06-25,+33(+33)631962323,"42, chemin Turpin, 20417 Berthelotdan",F
23,Théo Marchand,theo.marchand@example.com,2023-04-01,2004-07-07,+3345+33205665,"boulevard de Boutin, 70977 Saint Renéenec",M
24,Julie Lucas,julie.lucas@example.com,2022-12-24,2001-04-19,+33245288889,"81, avenue de Coste, 97264 Fleurynec",F
25,Quentin Lefevre,quentin.lefevre@example.com,2023-07-11,1998-11-24,+33177714182,"avenue de Paris, 97447 Perezdan",M
26,Sarah Meunier,sarah.meunier@example.com,2024-02-28,1990-02-10,+33491443372,"33, rue Vallet, 11492 ThierryBourg",F
27,Hugo Barbier,hugo.barbier@example.com,2023-09-03,1993-09-10,+33596084638,"84, rue de Couturier, 05919 Pottier-la-Forêt",M
28,Zoé Hamon,zoe.hamon@example.com,2023-01-15,1998-05-29,+33176924609,"avenue Poirier, 05475 Pires",F
29,Louis Delattre,louis.delattre@example.com,2022-11-02,1954-06-04,+33376534898,"54, rue Fernandez, 25216 Renault",M
30,Élise Dufresne,elise.dufresne@example.com,2023-02-19,1979-08-20,+33698221326,"8, avenue Inès Bruneau, 68917 Jacquesboeuf",F
31,Adrien Lemoine,adrien.lemoine@example.com,2023-06-25,1961-04-05,+33632525160,"37, rue de Bertin, 40201 Saint OlivieVille",M
32,Claire Martel,claire.martel@example.com,2023-03-08,1994-02-18,+33382178265,"9, chemin Mathilde Lagarde, 58718 Saint Aurore",F
33,Maxime Pires,maxime.pires@example.com,2024-01-12,1972-03-21,+33(+33)476132812,"62, boulevard de Ruiz, 46689 Nguyen-sur-Maillard",M
34,Amandine Roche,amandine.roche@example.com,2023-05-22,1968-05-08,+33370898466,"33, chemin Bigot, 87616 Lagardenec",F
35,Yanis Renault,yanis.renault@example.com,2023-08-01,2002-03-17,+33489351156,"74, rue Nath Bonnet, 85446 Sainte Yves",M
36,Timothée Marie,timothée marie.1409@example.com,2022-01-29,1960-01-20,+33 (0)4 26 33 21 81,"rue Carpentier, 29617 Michel-sur-Guilbert",M
37,Victor Boutin,victor boutin.4657@example.com,2022-08-21,1999-04-08,03 66 79 40 26,"63, rue Gillet, 13467 Texier",M
38,Alphonse Chauveau,alphonse chauveau.7912@example.com,2023-08-16,2005-05-13,02 53 61 84 95,"1, rue de Leleu, 37181 Roussel",M
39,Guillaume De Sousa,guillaume de sousa.4582@example.com,2020-11-11,1992-09-15,0310553419,"82, chemin Lucie Lagarde, 71324 Lecoq",M
40,Gabriel David,gabriel david.4257@example.com,2025-05-12,1961-07-11,0547413953,"52, rue Vallet, 71651 Letellier",M
41,Pénélope Guillon,pénélope guillon.4611@example.com,2024-12-15,1978-08-07,04 94 32 87 10,"26, avenue Jeannine Bigot, 67357 DuboisBourg",F
42,Juliette Lecoq,juliette lecoq.1106@example.com,2021-10-05,1959-03-20,0247462704,"5, boulevard de Raynaud, 25256 Ledoux",F
43,Adélaïde Joseph,adélaïde joseph.6574@example.com,2024-06-06,1990-03-14,0750154303,"avenue de Muller, 97278 Rodriguez",F
44,Robert Gaillard,robert gaillard.6514@example.com,2020-06-13,2001-04-12,0563383465,"41, rue Maillot, 03702 Rolland-sur-Mer",M
45,Arnaude Neveu,arnaude neveu.2584@example.com,2021-03-11,1984-12-08,+33 (0)3 71 10 51 83,"93, boulevard Verdier, 60348 Cordier-sur-Mer",F
46,Brigitte Delmas,brigitte delmas.1711@example.com,2024-04-28,1960-10-16,04 90 66 70 10,"41, rue Regnier, 57243 Vidal-la-Forêt",F
47,Gérard Sanchez,gérard sanchez.7201@example.com,2022-10-25,2001-08-20,02 38 08 01 32,"73, rue Gillet, 01499 De Sousa",M
48,Pauline Grenier,pauline grenier.6925@example.com,2021-12-20,1971-02-28,02 96 34 30 98,"10, avenue de Gaudin, 67261 Saint Claude",F
49,Arthur Valentin,arthur valentin.1750@example.com,2023-01-23,1965-02-11,+33 (0)3 75 61 93 99,"7, boulevard de Moreno, 66423 Martins",M
50,Isabelle Aubry,isabelle aubry.2307@example.com,2022-06-19,1993-04-10,02 57 47 51 07,"rue de Guillou, 33235 Muller",F
51,Michèle Jacquet,michèle jacquet.5554@example.com,2022-03-07,1977-07-14,+33 5 87 84 98 08,"3, rue Franck Bernier, 70259 Carre",F
52,Marianne Martins,marianne martins.3664@example.com,2023-07-13,1983-12-04,0754016400,"82, avenue de Guilbert, 02214 Saint ÉmilieVille",F
53,Stéphane Courtois,stéphane courtois.5374@example.com,2021-11-23,1962-06-24,+33 5 79 20 45 05,"61, avenue de Legendre, 95258 Goncalves",M
54,Lucas Laurent,lucas laurent.3803@example.com,2023-03-07,1973-01-31,+33 4 79 63 42 16,"83, chemin Valentine Dumas, 28124 Alexandre",M
55,Guillaume Muller,guillaume muller.8573@example.com,2024-09-26,1983-01-16,0488868501,"240, avenue de Barre, 93905 Nguyen",M
56,Bertrand Collin,bertrand collin.6313@example.com,2023-01-07,1958-05-12,+33 3 87 06 08 83,"6, chemin de Dupré, 16837 Guillou",M
57,Xavier Lejeune,xavier lejeune.1525@example.com,2023-02-17,1955-12-31,0549482366,"946, chemin Renault, 26540 Seguin-sur-Bègue",M
58,Suzanne Pichon,suzanne pichon.5386@example.com,2024-06-06,2003-02-10,03 63 87 21 48,"chemin Jean, 25250 Saint Patrick",F
59,Arnaude Pineau,arnaude pineau.4483@example.com,2024-11-27,1965-09-25,03 53 67 63 20,"92, rue Frédérique Menard, 16567 Barthelemy",F
60,Margaud Faivre,margaud faivre.8517@example.com,2022-09-13,1998-01-15,05 65 87 27 74,"88, rue de Paris, 56179 Huet",F
61,Jacques Julien,jacques julien.5040@example.com,2025-04-14,1959-08-26,+33 (0)2 62 23 62 31,"88, rue Lucas De Oliveira, 49888 Grenier-sur-Lefebvre",M
62,Monique Martel,monique martel.8019@example.com,2024-05-13,1969-11-14,+33 (0)4 89 46 68 89,"74, rue Amélie Marques, 85795 Ramos-les-Bains",F
63,Charlotte Loiseau,charlotte loiseau.4593@example.com,2022-07-14,1998-09-12,+33 (0)5 36 99 01 62,"5, chemin Marcel De Sousa, 41445 Lopesnec",F
64,Audrey Lelièvre,audrey lelièvre.2489@example.com,2023-07-12,1959-05-16,+33 (0)1 77 53 10 03,"rue de Dupuis, 17584 Saint Chantal-la-Forêt",F
65,Émile Seguin,émile seguin.3504@example.com,2023-07-17,1967-03-18,+33 (0)3 10 41 90 49,"41, chemin Pottier, 76924 Saint Adélaïdenec",M
66,Antoinette Guillou,antoinette guillou.2040@example.com,2023-02-17,1982-11-20,0143671657,"58, boulevard de Becker, 61576 Foucher-la-Forêt",F
67,Jacqueline Fernandez,jacqueline fernandez.9669@example.com,2020-06-22,1990-08-22,0623799650,"47, chemin Zacharie Guyot, 76818 Berthelot",F
68,Raymond Aubert,raymond aubert.2876@example.com,2025-05-02,1963-09-07,+33 (0)3 80 67 83 77,"chemin Louis, 51808 Schneider",M
69,Michèle Reynaud,michèle reynaud.6573@example.com,2022-03-25,1999-12-31,0564855744,"4, rue Noémi Regnier, 97298 Olivier",F
70,Valérie Baron,valérie baron.3591@example.com,2025-04-09,1978-06-03,0240343524,"124, boulevard Klein, 89229 HenryVille",F
71,Lorraine Lelièvre,lorraine lelièvre.9201@example.com,2025-02-18,1959-03-10,05 90 52 04 71,"11, rue Thibault, 38187 Lemaire",F
72,Marc Seguin,marc seguin.5889@example.com,2021-11-13,1966-09-21,+33 5 19 77 49 64,"4, rue de Aubry, 84183 Dupuis",M
73,Robert Sanchez,robert sanchez.3504@example.com,2024-01-02,1984-03-12,+33 1 34 67 97 40,"27, rue de Aubry, 97690 Peltier-sur-Philippe",M
74,Bertrand Devaux,bertrand devaux.6310@example.com,2024-02-11,1976-05-26,+33 2 79 42 10 24,"8, chemin de Bonnin, 51378 Gimenezdan",M
75,Augustin Joseph,augustin joseph.6947@example.com,2025-05-14,1956-01-04,+33 (0)5 81 59 40 13,"19, avenue Paul, 83552 Arnaud",M
76,Martin Bousquet,martin bousquet.1949@example.com,2022-07-15,1991-08-15,02 34 75 65 51,"57, avenue de Samson, 70137 Blancboeuf",M
77,Isaac Ferreira,isaac ferreira.2403@example.com,2021-06-03,1960-10-03,01 30 87 60 38,"17, chemin Dias, 17394 Rocherdan",M
78,Alexandre Lombard,alexandre lombard.9727@example.com,2022-09-18,1958-04-06,+33 2 98 48 08 61,"rue Madeleine Brunet, 63833 Grégoire",M
79,Marc Guillet,marc guillet.8787@example.com,2022-12-05,1972-03-13,03 81 78 26 39,"avenue Zacharie Guillou, 34940 Sainte Monique",M
80,Victoire Gérard,victoire gérard.9645@example.com,2023-09-03,1968-11-02,06 99 55 88 67,"79, avenue Bertrand, 40862 Munoznec",F
81,Vincent Gilles,vincent gilles.9835@example.com,2023-10-08,1958-06-21,+33 7 80 28 95 17,"30, rue Denis Lelièvre, 97643 Ferrand",M
82,Victor Faure,victor faure.6107@example.com,2020-08-19,1981-06-25,0519578091,"23, rue Patricia Couturier, 90993 Sainte Jacques-la-Forêt",M
83,Amélie Germain,amélie germain.8177@example.com,2025-05-07,1973-10-17,+33 (0)4 49 55 62 38,"32, boulevard Weber, 79799 Mahe",F
84,David Grondin,david grondin.5061@example.com,2022-12-16,1993-04-29,03 87 74 07 48,"chemin Jacqueline Ribeiro, 81534 Pineau",M
85,Élodie Jacob,élodie jacob.1344@example.com,2022-10-28,1969-08-27,02 44 36 95 94,"avenue de Paris, 02679 Sainte Victoire",F
86,Gabriel Seguin,gabriel seguin.4608@example.com,2021-07-06,2007-04-22,0366394210,"6, rue de Robin, 37434 Roger-sur-Mer",M
87,Richard Poulain,richard poulain.4750@example.com,2023-07-11,2003-05-13,0320474517,"96, rue Sophie Delaunay, 02370 Denisdan",M
88,Julie Mary,julie mary.2160@example.com,2020-09-14,1975-02-04,05 08 13 70 98,"81, chemin de Delahaye, 52219 Lambert",F
89,Madeleine Teixeira,madeleine teixeira.8953@example.com,2024-02-28,1993-08-28,+33 (0)2 37 38 26 75,"26, boulevard Anouk Guyot, 05806 Carpentier",F
90,Matthieu Huet,matthieu huet.8744@example.com,2023-03-24,1991-10-02,0238585064,"rue Margaud Lecomte, 82754 Lefebvre-sur-Girard",M
91,Jacqueline Marchand,jacqueline marchand.4119@example.com,2020-08-10,2001-04-10,+33 2 18 83 93 35,"5, rue Gimenez, 32917 Masson",F
92,Christelle Garcia,christelle garcia.6804@example.com,2021-04-25,1979-11-06,0376950240,"28, rue de Ollivier, 57896 Blanchet",F
93,Stéphanie Gaudin,stéphanie gaudin.1887@example.com,2021-06-18,1963-07-09,+33 1 73 84 70 07,"8, avenue de Legrand, 11429 Caron-sur-François",F
94,Guillaume Ferrand,guillaume ferrand.1993@example.com,2024-01-18,1981-12-12,0524984789,"rue de Bègue, 83998 Mace-sur-Mer",M
95,Maurice Dumas,maurice dumas.5073@example.com,2023-07-23,1995-02-23,04 82 76 61 56,"35, avenue de Mercier, 12951 Saint AuroreBourg",M
96,Christelle Berthelot,christelle berthelot.3296@example.com,2021-05-13,1980-03-02,+33 (0)4 77 16 56 04,"9, rue Descamps, 61329 Sainte Camilleboeuf",F
97,Laurence Baudry,laurence baudry.8579@example.com,2020-06-09,1992-04-23,+33 5 67 89 98 09,"chemin Boutin, 97249 Marty",F
98,Édith Meunier,édith meunier.2604@example.com,2020-10-23,2003-06-30,02 18 20 18 36,"62, chemin Philippine Duhamel, 76186 Saint Hugues",F
99,Yves Faure,yves faure.2528@example.com,2020-10-10,1959-02-08,0594679764,"6, rue Roland Potier, 86707 Laine-la-Forêt",M
100,Frédéric Delaunay,frédéric delaunay.7658@example.com,2024-12-01,1975-10-02,+33 (0)1 40 34 32 44,"avenue Letellier, 55279 Gillet",M
101,Gabriel Charrier,gabriel charrier.7570@example.com,2024-04-20,2004-03-05,0219606071,"79, avenue de Charpentier, 15514 Sainte Jean",M
102,Maryse Blanc,maryse blanc.1035@example.com,2023-05-12,1983-01-19,02 44 36 96 81,"63, rue Gros, 81216 Gros-sur-Mer",F
103,Marine Petitjean,marine petitjean.5673@example.com,2025-03-10,1979-06-13,+33 3 75 12 43 29,"3, avenue de Barthelemy, 97182 Pons-sur-Bazin",F
104,Margot Techer,margot techer.3536@example.com,2024-03-19,1994-12-31,0285717744,"814, rue Bertrand Tessier, 36178 Sainte CélinaVille",F
105,Sébastien Gilles,sébastien gilles.1958@example.com,2023-06-26,1969-09-02,+33 4 73 97 82 07,"9, rue de Fournier, 31824 Navarro-les-Bains",M
106,Julien Carre,julien carre.6138@example.com,2023-05-13,2004-05-03,05 55 59 05 15,"54, boulevard de Gérard, 42183 Dupré-sur-Blanchard",M
107,Marcelle Bègue,marcelle bègue.9238@example.com,2024-07-10,1974-03-17,02 56 91 48 65,"916, rue Agnès Ruiz, 23319 Gosselin",F
108,Étienne Jean,étienne jean.9320@example.com,2024-02-10,2002-02-23,+33 2 96 14 18 88,"39, avenue de Brunet, 20285 Gaillard-sur-Mace",M
109,Alphonse Bouchet,alphonse bouchet.2113@example.com,2023-08-21,1964-02-08,0376794738,"63, boulevard de Besnard, 59887 Merle",M
110,Camille Evrard,camille evrard.2964@example.com,2024-10-02,1971-01-31,02 99 39 24 07,"9, chemin Perez, 97230 Lebreton",F
111,David Nguyen,david nguyen.2343@example.com,2021-07-23,1980-07-02,+33 (0)3 67 75 06 06,"61, rue Julien, 13959 Rodrigues",M
112,Alex Renault,alex renault.5272@example.com,2024-04-11,1993-06-23,02 69 77 90 10,"98, rue Philippine Hervé, 30408 Saint Oliviernec",F
113,Anouk Masson,anouk masson.4910@example.com,2023-09-17,1990-11-11,01 45 89 32 46,"73, rue Hardy, 46169 DevauxVille",F
114,Noël Bertrand,noël bertrand.5915@example.com,2021-12-09,1977-12-25,05 16 40 51 53,"12, boulevard Yves Weiss, 22950 Grenierdan",M
115,Daniel Andre,daniel andre.1152@example.com,2020-10-17,1977-07-21,01 64 43 03 05,"88, rue Odette Jourdan, 24392 Valette",M
116,Victor Rémy,victor rémy.2200@example.com,2022-11-20,1973-02-16,0253566765,"95, rue Nathalie Lamy, 11540 Arnaud-sur-Morvan",M
117,Margot Henry,margot henry.3170@example.com,2023-11-05,1985-04-28,+33 (0)4 76 44 79 62,"60, avenue de Paris, 81910 Saint Marguerite",F
118,Jules Blanchet,jules blanchet.7054@example.com,2024-03-01,1989-03-13,+33 1 56 29 70 21,"75, rue de Texier, 20795 Lemaîtreboeuf",M
119,Astrid Baudry,astrid baudry.9900@example.com,2024-07-26,1962-01-05,+33 4 97 65 43 10,"268, chemin Maryse Cohen, 27726 Lemonnier",F
120,Eugène Rivière,eugène rivière.5905@example.com,2022-05-27,1965-04-15,+33 2 21 72 71 55,"344, rue de Étienne, 65329 Saint Sophie-les-Bains",M
121,Paul Michel,paul michel.5333@example.com,2021-06-24,2000-04-05,0498782911,"78, boulevard David Marchand, 40757 Sainte Chantalboeuf",M
122,Robert Riou,robert riou.5462@example.com,2022-12-18,1988-07-27,+33 2 56 68 01 82,"45, boulevard Roland Chevalier, 32301 Paris-les-Bains",M
123,Thibault Joubert,thibault joubert.6617@example.com,2022-03-07,1993-06-14,+33 (0)3 22 99 22 99,"1, rue Clerc, 97383 Gilles",M
124,Patricia Maurice,patricia maurice.9280@example.com,2023-04-13,1976-01-28,+33 (0)7 98 44 73 64,"rue de Barbier, 56525 Barthelemy-sur-Mer",F
125,Thibaut Meunier,thibaut meunier.2512@example.com,2023-12-12,1966-11-03,0472562588,"27, avenue Paul Blanchard, 13151 Jacob",M
126,Jeanne Leroux,jeanne leroux.1722@example.com,2020-10-26,2006-12-09,0469327877,"2, boulevard Céline Guillot, 27697 Rousseau",F
127,Guy Costa,guy costa.5291@example.com,2023-09-04,1996-10-16,04 38 80 16 24,"70, boulevard Guilbert, 24471 HervéBourg",M
128,Claude Lebreton,claude lebreton.1158@example.com,2024-10-21,2000-04-21,0250216558,"99, boulevard Augustin Lambert, 05240 Reynaud",F
129,Michel Gérard,michel gérard.9938@example.com,2020-08-12,2004-11-20,+33 4 76 95 26 94,"587, rue Alexandrie Rémy, 86212 Guillon-la-Forêt",M
130,Théophile Reynaud,théophile reynaud.8041@example.com,2022-02-14,1999-05-09,0370097289,"20, rue Besnard, 40528 Pasquier",M
131,Olivie Charrier,olivie charrier.6974@example.com,2024-07-04,1957-05-20,01 82 28 38 57,"97, boulevard Adrienne Labbé, 97397 Bourdon",F
132,Élise Hoarau,élise hoarau.4441@example.com,2021-08-20,1964-02-01,0456344375,"244, boulevard de Gillet, 50938 Leleu",F
133,William Dupont,william dupont.6794@example.com,2020-11-01,1957-08-27,0228574733,"22, boulevard de Dupuis, 31151 Jean-sur-Mer",M
134,Capucine Pasquier,capucine pasquier.3532@example.com,2020-09-14,1992-03-09,0651208267,"64, rue Pauline Blanc, 83687 Joubert",F
135,Emmanuel Delattre,emmanuel delattre.7755@example.com,2022-01-11,2006-02-26,+33 1 64 67 24 00,"515, boulevard Édith Teixeira, 18971 Bigot-la-Forêt",M
136,Cécile Rémy,cécile rémy.7745@example.com,2023-02-21,1955-07-03,+33 6 33 42 05 49,"966, rue Andrée Laroche, 13289 Martel",F
137,Gérard Robert,gérard robert.5371@example.com,2021-05-21,1996-06-05,0531374549,"13, rue de Turpin, 39263 Torres-la-Forêt",M
138,Timothée Collet,timothée collet.7267@example.com,2021-01-19,2004-09-30,0367327279,"478, boulevard Faure, 67557 Fischerboeuf",M
139,Roland Marie,roland marie.4269@example.com,2024-03-30,1954-10-18,+33 (0)3 57 98 22 58,"rue de Wagner, 74600 Sainte SuzanneVille",M
140,Christelle Blanchet,christelle blanchet.6000@example.com,2020-08-28,1955-02-14,06 32 90 87 40,"4, rue de Lambert, 54452 Saint Danieldan",F
141,Guy Lejeune,guy lejeune.1387@example.com,2020-07-31,1965-03-01,+33 2 61 65 67 66,"225, boulevard Carlier, 67230 Bernard",M
142,Lucy Barthelemy,lucy barthelemy.6378@example.com,2020-12-17,1990-04-27,05 19 33 75 24,"1, avenue de Bonneau, 97312 Leclerc",F
143,Capucine Valentin,capucine valentin.6753@example.com,2023-02-12,1965-09-20,+33 (0)6 09 03 06 73,"boulevard Charpentier, 29935 Julien-sur-Verdier",F
144,Inès Hernandez,inès hernandez.9785@example.com,2023-11-11,1986-05-19,+33 3 67 64 40 89,"88, chemin Weiss, 85490 Juliennec",F
145,Denis Ribeiro,denis ribeiro.5279@example.com,2022-06-15,1995-08-07,03 39 87 33 42,"avenue de Delattre, 71642 Chevallier",M
146,Joséphine Martins,joséphine martins.1626@example.com,2022-03-01,2000-07-28,0228751830,"290, boulevard Ramos, 85672 Voisin",F
147,Margaret Bailly,margaret bailly.6663@example.com,2024-08-13,1960-12-30,+33 (0)3 62 31 73 93,"754, boulevard Manon Pelletier, 39367 Blanchet",F
148,Suzanne Perrin,suzanne perrin.9379@example.com,2022-01-21,1999-11-14,04 72 35 56 09,"50, boulevard de Delorme, 92527 Brunet",F
149,Jacques Rolland,jacques rolland.5173@example.com,2021-01-07,2004-05-31,03 82 78 54 77,"32, boulevard de Camus, 23655 Saint Virginie",M
150,Anaïs Salmon,anaïs salmon.1027@example.com,2020-07-12,1973-09-03,+33 (0)5 57 23 12 03,"8, avenue de Durand, 01644 BouchetVille",F
151,Rémy Mace,rémy mace.6967@example.com,2022-04-23,1980-04-29,0438086211,"99, chemin René Chauvin, 11482 Jacques-sur-Mer",M
152,Lucy Pottier,lucy pottier.6143@example.com,2021-03-14,1965-04-05,+33 (0)1 58 16 66 87,"3, avenue Gay, 82903 Moreno",F
153,Alice Rolland,alice rolland.9308@example.com,2021-10-08,1987-06-26,+33 6 74 01 48 90,"4, rue de Chrétien, 91940 Garnier-la-Forêt",F
154,Isabelle Duhamel,isabelle duhamel.6344@example.com,2022-09-18,1981-06-12,04 78 62 18 50,"61, boulevard de Valentin, 50892 Martinez",F
155,Stéphanie Marin,stéphanie marin.3085@example.com,2023-09-14,1994-10-28,+33 4 91 86 62 96,"23, chemin Brunet, 48828 Rousset",F
156,Margaud Alves,margaud alves.3851@example.com,2020-08-11,1967-08-20,+33 (0)2 34 04 75 41,"avenue Pons, 71668 CordierBourg",F
157,Aurore Monnier,aurore monnier.7653@example.com,2021-10-23,1972-06-05,+33 (0)4 75 60 46 61,"326, chemin Hernandez, 34604 Andre",F
158,Renée Baron,renée baron.5700@example.com,2023-03-27,1993-10-23,04 57 71 54 37,"3, rue Anastasie Le Roux, 79489 Besnard",F
159,Philippine Gilles,philippine gilles.8618@example.com,2025-01-11,1978-10-21,+33 4 57 59 37 52,"47, avenue Roger Carlier, 46216 Bourgeois-sur-Allain",F
160,Éric Normand,éric normand.9375@example.com,2024-06-18,1977-03-10,+33 (0)6 35 37 41 67,"53, rue de Auger, 54908 Legranddan",M
161,Stéphane Maréchal,stéphane maréchal.5649@example.com,2024-10-19,1974-07-01,01 64 58 91 13,"709, avenue Franck Dubois, 13364 Gros",M
162,Geneviève Cohen,geneviève cohen.2530@example.com,2023-04-22,1955-02-10,0535798250,"avenue Émile Ferreira, 93245 Langlois",F
163,Susanne Leclerc,susanne leclerc.4680@example.com,2024-10-11,1956-02-29,04 87 71 77 51,"rue de Simon, 43763 Saint Nicole-sur-Mer",F
164,Emmanuel Courtois,emmanuel courtois.1400@example.com,2022-03-20,2005-01-23,+33 4 78 86 73 62,"16, boulevard de Philippe, 57706 PerrierVille",M
165,Emmanuelle Lopes,emmanuelle lopes.2193@example.com,2021-11-09,1977-11-04,+33 (0)2 41 82 55 37,"68, avenue de Bourdon, 50701 Sainte Adriennedan",F
166,Yves Munoz,yves munoz.7291@example.com,2024-12-16,1975-11-13,0231251341,"78, boulevard Guillaume Bruneau, 49533 Coulon",M
167,Tristan Giraud,tristan giraud.3417@example.com,2023-12-04,1965-06-20,+33 7 54 22 57 90,"rue Léon Jacob, 71617 Lejeunedan",M
168,Matthieu Camus,matthieu camus.2746@example.com,2025-01-03,1957-11-04,+33 2 30 90 34 04,"82, avenue de Dias, 65215 Noël-sur-Royer",M
169,Jules Allard,jules allard.3881@example.com,2024-01-12,1955-06-19,+33 (0)5 90 83 61 34,"25, rue Philippine Gomez, 26930 Lagarde-sur-Marty",M
170,Danielle Chauvet,danielle chauvet.1822@example.com,2021-06-20,1972-01-30,+33 3 59 30 95 84,"54, rue de Dufour, 97162 Sainte Marcelle",F
171,Christophe Menard,christophe menard.8478@example.com,2024-07-16,1998-10-05,+33 4 73 36 72 94,"21, boulevard Océane Lopes, 88998 De Sousa",M
172,Marguerite Blin,marguerite blin.8251@example.com,2020-10-11,1967-09-22,+33 (0)2 35 75 18 63,"64, chemin Emmanuelle Verdier, 17679 Le GoffVille",F
173,Capucine Toussaint,capucine toussaint.9976@example.com,2021-10-18,1979-03-15,01 45 12 77 06,"34, rue Marcelle Alves, 32184 Chartier",F
174,Anastasie Delaunay,anastasie delaunay.8373@example.com,2024-06-14,1991-01-26,0373611037,"838, rue Grenier, 43936 Sainte Marine-les-Bains",F
175,Arnaude Rolland,arnaude rolland.9540@example.com,2021-09-04,1975-07-20,02 33 11 55 42,"91, rue de Bourdon, 83268 Marty-sur-Mer",F
176,Lucas Chauvet,lucas chauvet.5499@example.com,2020-08-13,1979-04-26,03 65 11 21 96,"42, rue Paul Lenoir, 76714 Jacquet-sur-Merle",M
177,Madeleine Leclerc,madeleine leclerc.4841@example.com,2021-11-09,1989-12-12,+33 5 35 40 37 61,"118, chemin Gilles Chevallier, 72530 Morvan",F
178,Sylvie Pires,sylvie pires.9849@example.com,2021-02-05,2002-03-20,+33 (0)1 45 91 04 30,"748, avenue Émile Riou, 68650 Brunet-sur-Lopes",F
179,Honoré Chevalier,honoré chevalier.4788@example.com,2021-11-18,1982-06-13,+33 2 96 85 69 14,"40, avenue Ferreira, 58726 Lefèvre-sur-Ruiz",M
180,Charles Richard,charles richard.4505@example.com,2024-08-10,2002-10-29,+33 1 42 27 58 84,"24, chemin Gilbert, 34636 Sainte MichèleBourg",M
181,Susanne Gros,susanne gros.6421@example.com,2024-05-26,1972-10-10,0179792524,"4, boulevard de Bernard, 06979 Saint Benjamin",F
182,Mathilde Jacob,mathilde jacob.2020@example.com,2024-10-10,1993-10-28,+33 3 27 08 63 53,"24, chemin de Mathieu, 64789 Saint Maurice",F
183,Amélie Maréchal,amélie maréchal.1320@example.com,2022-01-19,1958-08-19,+33 (0)6 37 44 51 87,"54, boulevard de Berger, 59477 Teixeira-sur-Leleu",F
184,Jacqueline Fernandes,jacqueline fernandes.8814@example.com,2022-10-08,2006-11-29,+33 (0)5 55 03 85 05,"24, boulevard Gomez, 53603 Saint Michèle",F
185,Bernadette Bertrand,bernadette bertrand.7389@example.com,2023-03-01,1980-09-01,+33 5 57 57 19 18,"11, rue Noël Klein, 33971 Carlier",F
186,Hugues Sauvage,hugues sauvage.8999@example.com,2022-08-23,1993-01-12,0373132912,"67, rue Élise Pelletier, 97336 Le Galldan",M
187,Célina Robin,célina robin.8956@example.com,2021-03-12,2005-11-10,+33 4 63 90 35 21,"18, chemin de Bertin, 22131 Sauvage-sur-Mer",F
188,Susan Henry,susan henry.7624@example.com,2023-03-18,1961-03-16,+33 2 52 00 32 36,"5, rue François, 25761 RodriguezBourg",F
189,Chantal Dupont,chantal dupont.3091@example.com,2022-06-24,1967-09-07,01 76 29 66 70,"62, rue Paris, 35556 Fontaine",F
190,Tristan Collet,tristan collet.7455@example.com,2025-01-07,1969-08-22,05 56 87 01 46,"48, boulevard de Moreau, 48900 Voisin",M
191,Patrick Barre,patrick barre.2375@example.com,2022-07-01,1965-10-31,0533420593,"8, chemin de Gosselin, 74338 Roussel",M
192,Vincent Guillot,vincent guillot.8564@example.com,2024-12-31,1996-05-05,0179396522,"15, chemin de Duhamel, 72245 Roche-sur-Teixeira",M
193,Marcelle Roger,marcelle roger.7211@example.com,2020-11-23,1987-02-14,01 69 10 39 30,"boulevard Luc Dumont, 43834 Breton",F
194,Aimée Caron,aimée caron.6355@example.com,2025-03-03,1985-11-20,+33 2 46 85 15 69,"35, avenue Riou, 62764 Roger",F
195,Martine Hubert,martine hubert.7906@example.com,2021-08-01,1991-04-21,+33 5 18 44 22 09,"3, chemin de Raymond, 28754 Duval-sur-Mahe",F
196,Margot Vallet,margot vallet.1317@example.com,2023-12-16,1959-09-06,+33 (0)3 76 55 21 57,"23, chemin Simone Nicolas, 92101 Sainte Brigitte",F
197,Émile Pasquier,émile pasquier.6733@example.com,2023-08-01,1992-07-03,05 18 58 61 79,"11, rue Timothée Bertin, 14175 Picard",M
198,Édouard Foucher,édouard foucher.1659@example.com,2022-10-13,1959-05-25,+33 (0)2 35 59 97 06,"12, chemin Leclerc, 24519 Mace-la-Forêt",M
199,Henri Gomez,henri gomez.4266@example.com,2020-08-09,2005-07-14,+33 (0)1 76 69 87 20,"rue Théodore Peltier, 80714 BourgeoisBourg",M
200,François Picard,françois picard.4908@example.com,2024-03-06,1998-09-30,0229714677,"boulevard de Chevallier, 23479 Lemaître-les-Bains",M
201,Alphonse Charles,alphonse charles.4571@example.com,2020-11-27,1977-06-11,06 37 43 49 02,"chemin de Allard, 52874 Dumas-sur-Lenoir",M
202,Nath Barbe,nath barbe.7043@example.com,2024-02-03,1996-07-24,06 79 37 41 60,"rue Jacques Lecomte, 24229 Sainte Édouard",F
203,Eugène Techer,eugène techer.3683@example.com,2021-03-29,1988-04-07,+33 3 89 51 16 86,"970, rue Arnaude Gérard, 19680 Guillon-sur-Thierry",M
204,Bernard Thibault,bernard thibault.6111@example.com,2023-10-22,1970-06-25,+33 (0)4 38 85 64 67,"chemin Antoine, 19733 Bazin-sur-Lemonnier",M
205,Alex Delaunay,alex delaunay.7498@example.com,2023-12-07,1962-02-27,0376074505,"27, rue Ribeiro, 95553 Royer",F
206,Thibaut Imbert,thibaut imbert.4978@example.com,2021-11-12,2000-06-07,+33 (0)3 45 73 67 85,"51, boulevard de Antoine, 18899 ColasVille",M
207,Élise Bourgeois,élise bourgeois.2983@example.com,2025-05-19,1956-08-24,+33 (0)3 84 07 05 34,"161, chemin Camus, 76556 Reynaud",F
208,Robert Marty,robert marty.6688@example.com,2024-06-02,1972-10-29,0310414060,"43, rue de Royer, 83519 LefebvreVille",M
209,Christelle Jourdan,christelle jourdan.2129@example.com,2024-09-27,1974-07-09,+33 1 41 34 94 46,"44, chemin Margaret Dijoux, 79506 Henry-sur-Robert",F
210,Michelle Guilbert,michelle guilbert.1207@example.com,2021-07-30,1980-09-26,0456171545,"33, rue de Boyer, 76513 Bazin",F
211,Alexandre Bègue,alexandre bègue.8102@example.com,2025-02-19,1983-07-13,04 50 46 66 09,"88, chemin de Guillou, 38965 Descamps",M
212,Édith Cousin,édith cousin.3506@example.com,2024-05-28,1980-03-05,+33 (0)6 52 48 25 13,"66, chemin Isabelle Cousin, 59971 Sainte BernardBourg",F
213,Élise Charrier,élise charrier.9817@example.com,2023-01-20,1957-10-05,+33 (0)5 24 84 60 22,"89, chemin Auger, 23897 Sainte Xavier-les-Bains",F
214,Andrée Thomas,andrée thomas.8136@example.com,2023-07-25,1954-08-11,04 26 32 92 71,"76, avenue Alice Thomas, 05646 Foucher",F
215,Agathe Lebrun,agathe lebrun.6280@example.com,2024-01-29,1992-04-17,+33 1 46 03 35 42,"394, rue Léger, 37566 Godardboeuf",F
216,Christiane Le Goff,christiane le goff.8385@example.com,2022-07-25,1991-10-07,04 92 32 60 33,"9, rue Poulain, 91766 Sainte Lucie",F
217,Anaïs Valentin,anaïs valentin.6511@example.com,2023-12-14,2005-09-17,+33 (0)2 45 00 16 76,"37, rue Hernandez, 53777 Sainte Laurence-les-Bains",F
218,Caroline Gros,caroline gros.3979@example.com,2020-05-30,1976-02-17,+33 (0)4 34 11 73 93,"75, rue Augustin Lévy, 63312 Rémy-sur-Mer",F
219,Agathe Leconte,agathe leconte.5232@example.com,2023-01-18,1986-01-10,+33 (0)2 46 97 21 81,"57, avenue Benoît Roussel, 22995 Sainte Agnès",F
220,Pénélope Rousset,pénélope rousset.1166@example.com,2024-06-15,1974-02-28,+33 (0)2 36 00 22 55,"61, rue Gabriel Maréchal, 51567 Collin",F
221,Robert Banks,robert banks.4954@example.com,2025-04-17,1960-11-12,(912)402-1697,"027 Rodriguez Loop Suite 014, Alexanderhaven, WI 97969",M
222,Misty Walker,misty walker.4937@example.com,2022-04-13,1962-10-08,+1-258-289-1637x56289,"772 Karen Islands, West Tara, AR 66945",F
223,Krista Gray,krista gray.8342@example.com,2022-12-24,1957-06-01,717.379.7177,"Unit 0166 Box 0880, DPO AE 79695",F
224,Steve Hart,steve hart.5820@example.com,2023-11-14,1992-11-05,+1-975-350-3758x9975,"55488 Park Cape, South Donald, VT 97823",M
225,Brian Carr,brian carr.6016@example.com,2021-04-08,1964-08-14,216.337.3516,"9827 Alyssa Causeway Suite 978, Lake Beth, VA 17328",M
226,Jasmine Burke,jasmine burke.8753@example.com,2025-05-06,1971-09-08,686-769-3465x47226,"39452 William Square, Jenniferstad, OH 63464",F
227,Laura Contreras,laura contreras.7971@example.com,2024-09-25,1959-09-01,(484)660-8106x20034,"43805 Garcia Ways, Lake Deborah, MS 31643",F
228,Rachel Lindsey,rachel lindsey.6764@example.com,2020-09-25,1962-10-19,506-766-5800x4397,"347 Tonya Club, East Jill, DE 49941",F
229,Jessica Hawkins,jessica hawkins.6023@example.com,2023-03-19,1991-02-03,(429)740-5720,"9851 Fox Ferry Apt. 826, Davisbury, FM 28465",F
230,Gary Carter,gary carter.4155@example.com,2024-03-06,1987-04-02,001-798-878-0157x39930,"PSC 1648, Box 4085, APO AP 67181",M
231,John Phillips,john phillips.4138@example.com,2022-08-03,1993-09-26,+1-835-381-1288x0133,"120 Love Camp Apt. 102, Angelashire, GU 30338",M
232,Jennifer Hayes,jennifer hayes.9595@example.com,2022-11-24,1969-01-13,(765)306-1809x1901,"147 Foster Shore Apt. 728, East Julie, WY 72030",F
233,Tyler Thomas,tyler thomas.4180@example.com,2025-01-23,1989-02-05,+1-350-688-2100x99688,"68222 Christina Glen Apt. 129, Port Karenside, NH 84999",M
234,Angel Powers,angel powers.3939@example.com,2023-06-12,1988-05-25,313-597-5523x149,"9492 Aguirre Meadow Apt. 053, Lake Jodi, NE 36765",F
235,Chad Quinn,chad quinn.5494@example.com,2025-01-29,2005-05-01,577.654.7812x9142,"108 Lisa Prairie, Hammondborough, PW 05305",M
236,Debbie Shannon,debbie shannon.3068@example.com,2022-04-01,1966-09-29,+1-972-356-3942,"392 Sean Fall, Lake Jessica, MI 05798",F
237,Philip Hall,philip hall.1200@example.com,2023-05-23,1971-01-12,753-303-8567x700,"498 Nicholas Lane Suite 918, Nicholasbury, NC 53695",M
238,Ruth Reed,ruth reed.8843@example.com,2020-07-30,1978-12-12,490.482.7231x8432,"365 Timothy Neck, Clarkburgh, SD 54358",F
239,David Anderson,david anderson.1841@example.com,2024-09-25,1990-09-30,001-622-480-9202,"904 Jay Rest Suite 723, Burkeshire, GU 24340",M
240,Dennis Ramsey,dennis ramsey.2070@example.com,2024-01-22,1981-09-25,879-491-3662x10388,"9908 Christopher Shoals, New Amber, AL 89441",M
241,Joseph Wood,joseph wood.1878@example.com,2021-04-18,1998-03-15,3868376599,"14986 Lopez Station Apt. 981, South Diamondmouth, MT 47984",M
242,Brittney Pearson,brittney pearson.2395@example.com,2020-10-30,1992-04-01,948-469-5946x368,"4956 Melissa Shoals Apt. 372, East Williammouth, AS 72666",F
243,Caitlyn Oconnell,caitlyn oconnell.4697@example.com,2022-02-07,1957-09-15,5127796114,"669 Dawson Ranch, Port Lorifort, NV 01904",F
244,Sarah Galvan,sarah galvan.8381@example.com,2020-12-21,1979-01-03,443.309.8839x20530,"Unit 6566 Box 9380, DPO AP 92726",F
245,Tamara Dunn,tamara dunn.6003@example.com,2024-02-26,1970-07-24,001-689-455-4393x7690,"184 Arroyo Unions, Nancyshire, KS 91490",F
246,Vincent Hart,vincent hart.2625@example.com,2022-10-31,1959-02-23,001-735-877-9071x41633,"USS Haynes, FPO AA 33040",M
247,Brandon Nunez,brandon nunez.5335@example.com,2023-07-19,1965-04-27,518-527-5539x42373,"33952 David Common, Austinside, AZ 63715",M
248,Marc Vasquez,marc vasquez.4929@example.com,2022-03-07,1995-08-22,001-447-228-4639,"8085 Dalton Trail Apt. 718, Stewarttown, AL 88857",M
249,James Garcia,james garcia.3564@example.com,2022-01-21,2006-10-31,(494)928-4347x955,"556 Hayes Ports Apt. 931, Lindaside, NE 50424",M
250,Brianna Haley,brianna haley.8699@example.com,2025-02-25,1989-05-16,(770)926-7288,"1203 Woods Roads, South Julieview, MN 47727",F
251,Justin Patrick,justin patrick.5720@example.com,2023-04-24,1962-01-15,(706)715-9399x824,"716 Ford Drive Apt. 569, Sweeneyland, CO 21734",M
252,Crystal Stewart,crystal stewart.2166@example.com,2021-09-16,1964-02-09,249-464-7598x7622,"132 Garcia Circles Suite 800, Warrenland, CT 34901",F
253,Angela Huynh,angela huynh.4241@example.com,2024-02-23,1980-04-06,(743)934-7228x2005,"728 Brittany Motorway Suite 884, Timothybury, AS 12239",F
254,Eric Gutierrez,eric gutierrez.3441@example.com,2022-05-10,1990-03-21,(240)908-2547,"USCGC Evans, FPO AA 38894",M
255,Robert Kelley,robert kelley.1977@example.com,2024-03-28,1996-12-24,568.666.3266,"944 Gutierrez Walk, East Derrickville, SC 60183",M
256,Denise Dean,denise dean.8195@example.com,2021-08-18,1999-10-03,650.620.8021,"031 Alexis Forge Suite 647, Steventon, MA 11016",F
257,Amy Rowe,amy rowe.7594@example.com,2020-10-30,1989-09-18,587-823-4601,"03718 Thomas Springs Suite 520, West Timothyport, ID 47742",F
258,Sharon Robinson,sharon robinson.8172@example.com,2020-11-24,2001-07-27,836-550-2491,"792 Townsend Gateway, South Christopher, RI 44858",F
259,Anthony Newman,anthony newman.8078@example.com,2022-08-18,1959-12-26,001-881-727-3585x730,"77848 Lopez Ferry Suite 574, North Amanda, NV 39255",M
260,Kimberly Gibson,kimberly gibson.1423@example.com,2023-09-11,2002-02-01,001-986-420-9593x51863,"5118 Bradley Curve Apt. 031, Leeton, OK 84616",F
261,Matthew Fox,matthew fox.5415@example.com,2022-01-12,1971-05-17,001-994-205-3910x371,"0948 Jessica Village Suite 138, North Jessicaside, MS 25333",M
262,Joseph Wright,joseph wright.8708@example.com,2023-06-14,1973-07-07,+1-828-786-1957x6122,"5855 Duran Meadows Suite 939, South Katie, WA 33804",M
263,Tonya West,tonya west.5557@example.com,2022-12-11,1995-08-05,(700)249-0824x0433,"889 Clinton Mount Suite 224, Pamelabury, IN 34087",F
264,Anna Ross,anna ross.9056@example.com,2022-04-07,2001-10-01,615.272.7919,"05566 Molly Forks Apt. 604, West Amberberg, MD 66351",F
265,Brittany Nunez,brittany nunez.7690@example.com,2024-07-15,1985-12-20,(379)998-1364x6225,"641 Shaw Trail, Port Dennis, OH 26467",F
266,James Duncan,james duncan.3634@example.com,2022-02-01,1985-11-04,+1-398-333-1465,"5355 Kayla Extension Suite 979, South Brady, GU 31104",M
267,Melissa Moore,melissa moore.5722@example.com,2021-11-02,1964-11-14,001-911-203-9240x5147,"88487 Heather Skyway, South Brandyhaven, AZ 33984",F
268,Antonio Gonzalez,antonio gonzalez.8451@example.com,2021-09-21,2001-12-19,001-694-807-0164x510,"157 Jacob Parkway Suite 800, New Kevin, NM 52064",M
269,Alicia Sutton,alicia sutton.6296@example.com,2024-01-06,1999-11-05,(443)784-0460x843,"PSC 2168, Box 9363, APO AP 20522",F
270,Wesley Browning,wesley browning.9889@example.com,2021-12-16,1977-11-05,478-423-2983x24826,"52056 Turner Summit, Edwinborough, CT 17742",M
271,Alexander Odom,alexander odom.4073@example.com,2022-02-11,1973-12-02,+1-949-499-3933x051,"526 Wells Estates Apt. 306, West Stephaniebury, WA 88494",M
272,Norma Jones,norma jones.8242@example.com,2024-04-24,1959-05-14,897.257.3660x965,"0388 Terrell Canyon Suite 803, Scottport, WI 37976",F
273,Christopher Phillips,christopher phillips.5375@example.com,2023-08-28,1972-03-30,4828771812,"27937 John Square Apt. 111, Waltersland, NC 93205",M
274,Monica Hester,monica hester.8178@example.com,2024-08-02,1962-10-03,+1-426-286-0259x222,"742 Rachel Flats Apt. 940, Jimenezfort, ND 01254",F
275,David Chapman,david chapman.1472@example.com,2023-12-08,1966-07-31,576.271.9903x8498,"502 Elizabeth Villages, Markland, AR 14773",M
276,Xavier Martin,xavier martin.3594@example.com,2025-04-01,1987-08-24,799-898-2795x0145,"147 David Wall Suite 586, Lake Jason, AR 14827",M
277,Nicholas Fuller,nicholas fuller.7684@example.com,2023-03-25,2002-02-03,779-446-9548,"772 Jeanette Fields Apt. 107, Lake Melaniechester, MT 06463",M
278,Gregory Shaffer,gregory shaffer.8560@example.com,2023-03-29,1999-07-03,703.244.1448,"6990 James Village Suite 770, South Eric, NH 70882",M
279,Joel Olsen,joel olsen.9165@example.com,2022-09-12,1962-01-10,001-308-449-5880x3955,"6829 Lopez Crescent, Janetmouth, VT 04646",M
280,Jennifer Crawford,jennifer crawford.7807@example.com,2024-10-11,1976-10-06,757.243.8421,"8078 James Orchard, Kimberlyberg, WI 13379",F
281,Michael Anderson,michael anderson.8483@example.com,2025-02-23,1972-03-23,001-207-368-1040x9157,"94353 Justin Place Suite 714, East Joshua, AL 82151",M
282,Kayla Clark,kayla clark.4122@example.com,2024-12-04,1968-09-19,(785)942-4932x149,"0160 Ronald Fall, Jensenport, MA 26472",F
283,Blake Livingston,blake livingston.2143@example.com,2021-04-19,1989-11-01,001-679-721-7174x77332,"7701 Rodriguez Neck Suite 245, New Dakota, GU 94122",M
284,Erika Banks,erika banks.9318@example.com,2021-11-20,1990-05-31,387-769-6393x8276,"9583 Elaine Club Suite 199, Nguyenville, GU 58856",F
285,Elizabeth Sullivan,elizabeth sullivan.5891@example.com,2024-09-23,1969-08-14,+1-419-465-7013x290,"9973 Erin Island Suite 946, Veronicashire, AL 80650",F
286,Jennifer Anderson,jennifer anderson.3434@example.com,2020-12-30,1978-09-02,805-780-0851x4036,"6832 Taylor Point Suite 562, Whitneyberg, DC 02021",F
287,Mariah Thomas,mariah thomas.6654@example.com,2020-09-16,1985-08-24,862.912.6796x9278,"69097 Jennifer Grove, Houseshire, MN 04886",F
288,Laura Bush,laura bush.8460@example.com,2023-03-17,1987-02-26,397-312-8478,"894 Rebecca Place, South Shawnfort, OK 96683",F
289,Jason Yu,jason yu.7274@example.com,2020-07-05,1992-11-02,242-609-4940x7929,"7128 Melissa Harbors, Davidview, KY 34180",M
290,Patrick Munoz,patrick munoz.6213@example.com,2021-10-23,1959-10-10,001-227-752-4372,"Unit 2927 Box 6637, DPO AP 84069",M
291,Christine Navarro,christine navarro.7325@example.com,2022-09-15,1964-07-09,(504)810-2767x478,"4286 Keith Union Suite 658, North Samanthastad, PR 57096",F
292,George Adams,george adams.9115@example.com,2020-09-04,2005-03-25,749-467-3938,"010 Davis Cove, Bellport, KS 25808",M
293,Allison Davis,allison davis.2644@example.com,2020-11-24,1979-04-14,+1-439-611-1926x921,"746 Scott Tunnel, West Kimberlyfurt, MS 44102",F
294,Deanna Hess,deanna hess.1251@example.com,2023-09-17,1961-03-27,(371)473-9627,"91741 Charles Ports Suite 707, Lake Danielle, AZ 87612",F
295,Deborah Graves,deborah graves.3529@example.com,2022-01-05,2002-10-01,(990)387-7661x8306,"4601 Nichols Junctions Apt. 743, New Benjamin, MS 87104",F
296,Elizabeth Price,elizabeth price.6546@example.com,2022-03-10,1967-06-18,257-517-3203,"478 Levy Brook, West Brianton, MO 15992",F
297,Renee Contreras,renee contreras.2315@example.com,2024-01-06,1985-06-22,282.593.1027x079,"20417 Mary Circles, North Tylerbury, CA 27061",F
298,Gail Huff,gail huff.6188@example.com,2022-10-20,1966-10-01,001-365-319-8253x0925,"58273 Dennis Turnpike Suite 207, North Adrianland, VT 85927",F
299,Jason Aguirre,jason aguirre.2121@example.com,2024-09-14,1991-07-13,001-472-932-4876x32909,"456 Angela Fields, New Tiffanystad, VI 71243",M
300,Colleen Townsend,colleen townsend.4727@example.com,2023-02-28,1960-04-23,+1-634-503-1277x22005,"701 Sara Fall Apt. 078, North Pattymouth, OR 76491",F
